{"cameraMode":{"drawMode":0,"name":"Shaded","section":"Shading Mode"},"sceneLighting":true,"audioPlay":false,"sceneViewState":{"m_AlwaysRefresh":false,"showFog":true,"showSkybox":true,"showFlares":true,"showImageEffects":true,"showParticleSystems":true,"showVisualEffectGraphs":true,"m_FxEnabled":true},"in2DMode":false,"pivot":{"x":-10.731780052185059,"y":-6.719814300537109,"z":17.014171600341798},"rotation":{"x":0.18574140965938569,"y":-0.3066437542438507,"z":0.061138659715652469,"w":0.9315429329872131},"size":12.824256896972657,"orthographic":false}