{"cameraMode":{"drawMode":0,"name":"Shaded","section":"Shading Mode"},"sceneLighting":true,"audioPlay":false,"sceneViewState":{"m_AlwaysRefresh":false,"showFog":true,"showSkybox":true,"showFlares":true,"showImageEffects":true,"showParticleSystems":true,"showVisualEffectGraphs":true,"m_FxEnabled":true},"in2DMode":false,"pivot":{"x":-1.4210972785949708,"y":1.4693396091461182,"z":5.822963714599609},"rotation":{"x":0.036351028829813007,"y":-0.2738189399242401,"z":0.010369565337896347,"w":0.9610711336135864},"size":9.69202709197998,"orthographic":false}