{"cameraMode":{"drawMode":0,"name":"Shaded","section":"Shading Mode"},"sceneLighting":true,"audioPlay":false,"sceneViewState":{"m_AlwaysRefresh":false,"showFog":true,"showSkybox":true,"showFlares":true,"showImageEffects":true,"showParticleSystems":true,"showVisualEffectGraphs":true,"m_FxEnabled":true},"in2DMode":false,"pivot":{"x":572.7760009765625,"y":347.38616943359377,"z":-260.9512939453125},"rotation":{"x":0.08718511462211609,"y":-0.019493723288178445,"z":0.0017438960494473577,"w":0.9960422515869141},"size":185.3531494140625,"orthographic":false}