{"cameraMode":{"drawMode":0,"name":"Shaded","section":"Shading Mode"},"sceneLighting":true,"audioPlay":false,"sceneViewState":{"m_AlwaysRefresh":false,"showFog":true,"showSkybox":true,"showFlares":true,"showImageEffects":true,"showParticleSystems":true,"showVisualEffectGraphs":true,"m_FxEnabled":true},"in2DMode":false,"pivot":{"x":0.6760799884796143,"y":1.4458155632019044,"z":0.6520957946777344},"rotation":{"x":-0.20264002680778504,"y":0.1269071251153946,"z":-0.02655120939016342,"w":-0.9706923961639404},"size":1.8597304821014405,"orthographic":false}