{"cameraMode":{"drawMode":0,"name":"Shaded","section":"Shading Mode"},"sceneLighting":true,"audioPlay":false,"sceneViewState":{"m_AlwaysRefresh":false,"showFog":true,"showSkybox":true,"showFlares":true,"showImageEffects":true,"showParticleSystems":true,"showVisualEffectGraphs":true,"m_FxEnabled":true},"in2DMode":false,"pivot":{"x":1.7984089851379395,"y":2.4588842391967775,"z":0.44707798957824709},"rotation":{"x":0.14089956879615785,"y":-0.4689130485057831,"z":0.07606220245361328,"w":0.8686249256134033},"size":2.903642177581787,"orthographic":false}