{"cameraMode":{"drawMode":0,"name":"Shaded","section":"Shading Mode"},"sceneLighting":true,"audioPlay":false,"sceneViewState":{"m_AlwaysRefresh":false,"showFog":true,"showSkybox":true,"showFlares":true,"showImageEffects":true,"showParticleSystems":true,"showVisualEffectGraphs":true,"m_FxEnabled":true},"in2DMode":false,"pivot":{"x":-1.8372962474822999,"y":0.9453595876693726,"z":7.71138858795166},"rotation":{"x":0.01358047965914011,"y":-0.17650075256824494,"z":0.0025092526338994505,"w":0.9842842221260071},"size":2.2696423530578615,"orthographic":false}