{"cameraMode":{"drawMode":0,"name":"Shaded","section":"Shading Mode"},"sceneLighting":true,"audioPlay":false,"sceneViewState":{"m_AlwaysRefresh":false,"showFog":true,"showSkybox":true,"showFlares":true,"showImageEffects":true,"showParticleSystems":true,"showVisualEffectGraphs":true,"m_FxEnabled":true},"in2DMode":false,"pivot":{"x":-10.479571342468262,"y":-5.987791061401367,"z":24.124126434326173},"rotation":{"x":0.13438768684864045,"y":-0.2210719734430313,"z":0.030818337574601175,"w":0.9655126333236694},"size":16.718406677246095,"orthographic":false}