{"cameraMode":{"drawMode":0,"name":"Shaded","section":"Shading Mode"},"sceneLighting":true,"audioPlay":false,"sceneViewState":{"m_AlwaysRefresh":false,"showFog":true,"showSkybox":true,"showFlares":true,"showImageEffects":true,"showParticleSystems":true,"showVisualEffectGraphs":true,"m_FxEnabled":true},"in2DMode":false,"pivot":{"x":-5.630728721618652,"y":-3.5382845401763918,"z":12.875669479370118},"rotation":{"x":0.2152765840291977,"y":-0.31834492087364199,"z":0.07448501884937287,"w":0.9202315211296082},"size":10.393091201782227,"orthographic":false}