{"cameraMode":{"drawMode":0,"name":"Shaded","section":"Shading Mode"},"sceneLighting":true,"audioPlay":false,"sceneViewState":{"m_AlwaysRefresh":false,"showFog":true,"showSkybox":true,"showFlares":true,"showImageEffects":true,"showParticleSystems":true,"showVisualEffectGraphs":true,"m_FxEnabled":true},"in2DMode":false,"pivot":{"x":-0.5545937418937683,"y":0.7947468757629395,"z":2.564164876937866},"rotation":{"x":0.19808174669742585,"y":-0.4398612976074219,"z":0.10012343525886536,"w":0.8702230453491211},"size":3.392820119857788,"orthographic":false}