{"cameraMode":{"drawMode":0,"name":"Shaded","section":"Shading Mode"},"sceneLighting":true,"audioPlay":false,"sceneViewState":{"m_AlwaysRefresh":false,"showFog":true,"showSkybox":true,"showFlares":true,"showImageEffects":true,"showParticleSystems":true,"showVisualEffectGraphs":true,"m_FxEnabled":true},"in2DMode":false,"pivot":{"x":2.4657561779022219,"y":3.204392671585083,"z":-1.5338226556777955},"rotation":{"x":0.17094263434410096,"y":-0.24257709085941316,"z":0.04347258433699608,"w":0.9539750814437866},"size":1.1631028652191163,"orthographic":false}