{"cameraMode":{"drawMode":0,"name":"Shaded","section":"Shading Mode"},"sceneLighting":true,"audioPlay":false,"sceneViewState":{"m_AlwaysRefresh":false,"showFog":true,"showSkybox":true,"showFlares":true,"showImageEffects":true,"showParticleSystems":true,"showVisualEffectGraphs":true,"m_FxEnabled":true},"in2DMode":false,"pivot":{"x":1.3808889389038087,"y":1.3863940238952637,"z":-1.5506997108459473},"rotation":{"x":-0.21729379892349244,"y":0.16551610827445985,"z":-0.03744739294052124,"w":-0.9613069295883179},"size":3.28910231590271,"orthographic":false}