{"cameraMode":{"drawMode":0,"name":"Shaded","section":"Shading Mode"},"sceneLighting":true,"audioPlay":false,"sceneViewState":{"m_AlwaysRefresh":false,"showFog":true,"showSkybox":true,"showFlares":true,"showImageEffects":true,"showParticleSystems":true,"showVisualEffectGraphs":true,"m_FxEnabled":true},"in2DMode":false,"pivot":{"x":0.6890909075737,"y":0.7866111993789673,"z":0.4171580374240875},"rotation":{"x":0.19337134063243867,"y":-0.22050458192825318,"z":0.044827647507190707,"w":0.9550619125366211},"size":3.116109609603882,"orthographic":false}