{"cameraMode":{"drawMode":0,"name":"Shaded","section":"Shading Mode"},"sceneLighting":true,"audioPlay":false,"sceneViewState":{"m_AlwaysRefresh":false,"showFog":true,"showSkybox":true,"showFlares":true,"showImageEffects":true,"showParticleSystems":true,"showVisualEffectGraphs":true,"m_FxEnabled":true},"in2DMode":false,"pivot":{"x":0.681871235370636,"y":0.5374437570571899,"z":0.5181710124015808},"rotation":{"x":-0.22760531306266786,"y":0.24330979585647584,"z":-0.05890000984072685,"w":-0.9410889148712158},"size":3.631870985031128,"orthographic":false}