{"cameraMode":{"drawMode":0,"name":"Shaded","section":"Shading Mode"},"sceneLighting":true,"audioPlay":false,"sceneViewState":{"m_AlwaysRefresh":false,"showFog":true,"showSkybox":true,"showFlares":true,"showImageEffects":true,"showParticleSystems":true,"showVisualEffectGraphs":true,"m_FxEnabled":true},"in2DMode":false,"pivot":{"x":-0.12337803840637207,"y":1.336388349533081,"z":2.188220739364624},"rotation":{"x":0.14089956879615785,"y":-0.4689130485057831,"z":0.07606220245361328,"w":0.8686249256134033},"size":1.896357536315918,"orthographic":false}