{"cameraMode":{"drawMode":0,"name":"Shaded","section":"Shading Mode"},"sceneLighting":true,"audioPlay":false,"sceneViewState":{"m_AlwaysRefresh":false,"showFog":true,"showSkybox":true,"showFlares":true,"showImageEffects":true,"showParticleSystems":true,"showVisualEffectGraphs":true,"m_FxEnabled":true},"in2DMode":false,"pivot":{"x":0.12337207794189453,"y":0.7319004535675049,"z":0.19212889671325684},"rotation":{"x":0.27550962567329409,"y":-0.649989128112793,"z":0.2743389904499054,"w":0.6530298590660095},"size":2.6939961910247804,"orthographic":false}