{"cameraMode":{"drawMode":0,"name":"Shaded","section":"Shading Mode"},"sceneLighting":false,"audioPlay":false,"sceneViewState":{"m_AlwaysRefresh":false,"showFog":true,"showSkybox":false,"showFlares":true,"showImageEffects":true,"showParticleSystems":true,"showVisualEffectGraphs":true,"m_FxEnabled":true},"in2DMode":false,"pivot":{"x":-0.15916049480438233,"y":-7.407418727874756,"z":-8.108671188354493},"rotation":{"x":-0.006610499229282141,"y":0.9510760307312012,"z":-0.3098810613155365,"w":-0.015660788863897325},"size":11.195998191833496,"orthographic":false}