{"cameraMode":{"drawMode":0,"name":"Shaded","section":"Shading Mode"},"sceneLighting":true,"audioPlay":false,"sceneViewState":{"m_AlwaysRefresh":false,"showFog":true,"showSkybox":false,"showFlares":true,"showImageEffects":true,"showParticleSystems":true,"showVisualEffectGraphs":true,"m_FxEnabled":true},"in2DMode":false,"pivot":{"x":-1.9023118019104005,"y":1.970361590385437,"z":2.452195167541504},"rotation":{"x":-0.008106556721031666,"y":-0.36067941784858706,"z":-0.0031330054625868799,"w":0.9326647520065308},"size":6.714239597320557,"orthographic":false}