{"cameraMode":{"drawMode":0,"name":"Shaded","section":"Shading Mode"},"sceneLighting":false,"audioPlay":false,"sceneViewState":{"m_AlwaysRefresh":false,"showFog":true,"showSkybox":false,"showFlares":true,"showImageEffects":true,"showParticleSystems":true,"showVisualEffectGraphs":true,"m_FxEnabled":true},"in2DMode":false,"pivot":{"x":-8.779719352722168,"y":-30.076839447021486,"z":18.821548461914064},"rotation":{"x":0.2791915535926819,"y":-0.32732123136520388,"z":0.10210214555263519,"w":0.8970345258712769},"size":59.536949157714847,"orthographic":false}