{"cameraMode":{"drawMode":0,"name":"Shaded","section":"Shading Mode"},"sceneLighting":false,"audioPlay":false,"sceneViewState":{"m_AlwaysRefresh":false,"showFog":true,"showSkybox":false,"showFlares":true,"showImageEffects":true,"showParticleSystems":true,"showVisualEffectGraphs":true,"m_FxEnabled":true},"in2DMode":false,"pivot":{"x":0.4053531289100647,"y":0.3806719183921814,"z":0.044373393058776858},"rotation":{"x":0.1404305249452591,"y":-0.07567181438207627,"z":0.010765735059976578,"w":0.9871546626091003},"size":0.8574337363243103,"orthographic":false}