{"cameraMode":{"drawMode":0,"name":"Shaded","section":"Shading Mode"},"sceneLighting":false,"audioPlay":false,"sceneViewState":{"m_AlwaysRefresh":false,"showFog":true,"showSkybox":false,"showFlares":true,"showImageEffects":true,"showParticleSystems":true,"showVisualEffectGraphs":true,"m_FxEnabled":true},"in2DMode":false,"pivot":{"x":0.0400652214884758,"y":0.10554519295692444,"z":-0.32528650760650637},"rotation":{"x":0.12603327631950379,"y":-0.14822915196418763,"z":0.019048694521188737,"w":0.9807248711585999},"size":0.2574337124824524,"orthographic":false}