{"cameraMode":{"drawMode":0,"name":"Shaded","section":"Shading Mode"},"sceneLighting":true,"audioPlay":false,"sceneViewState":{"m_AlwaysRefresh":false,"showFog":true,"showSkybox":true,"showFlares":true,"showImageEffects":true,"showParticleSystems":true,"showVisualEffectGraphs":true,"m_FxEnabled":true},"in2DMode":false,"pivot":{"x":-1.0958232879638672,"y":-0.09119033813476563,"z":1.8151836395263672},"rotation":{"x":-0.11288262903690338,"y":0.8850774765014648,"z":-0.28577014803886416,"w":-0.34961608052253725},"size":15.435541152954102,"orthographic":false}