{"cameraMode":{"drawMode":0,"name":"Shaded","section":"Shading Mode"},"sceneLighting":true,"audioPlay":false,"sceneViewState":{"m_AlwaysRefresh":false,"showFog":true,"showSkybox":true,"showFlares":true,"showImageEffects":true,"showParticleSystems":true,"showVisualEffectGraphs":true,"m_FxEnabled":true},"in2DMode":false,"pivot":{"x":3.4006173610687258,"y":2.181004047393799,"z":-0.05596926063299179},"rotation":{"x":-0.14447706937789918,"y":0.3678635060787201,"z":-0.0579739548265934,"w":-0.9167585968971252},"size":0.3767281174659729,"orthographic":false}