{"cameraMode":{"drawMode":0,"name":"Shaded","section":"Shading Mode"},"sceneLighting":true,"audioPlay":false,"sceneViewState":{"m_AlwaysRefresh":false,"showFog":true,"showSkybox":true,"showFlares":true,"showImageEffects":true,"showParticleSystems":true,"showVisualEffectGraphs":true,"m_FxEnabled":true},"in2DMode":false,"pivot":{"x":-0.7896406650543213,"y":0.1926107406616211,"z":0.8421177864074707},"rotation":{"x":-0.22026552259922028,"y":0.2894972264766693,"z":-0.06864290684461594,"w":-0.9289616346359253},"size":3.5755462646484377,"orthographic":false}