{"cameraMode":{"drawMode":0,"name":"Shaded","section":"Shading Mode"},"sceneLighting":true,"audioPlay":false,"sceneViewState":{"m_AlwaysRefresh":false,"showFog":true,"showSkybox":true,"showFlares":true,"showImageEffects":true,"showParticleSystems":true,"showVisualEffectGraphs":true,"m_FxEnabled":true},"in2DMode":false,"pivot":{"x":-0.9048237204551697,"y":1.5473779439926148,"z":-0.5038223266601563},"rotation":{"x":-0.022805355489253999,"y":0.015592322684824467,"z":-0.000355794676579535,"w":-0.9996196031570435},"size":11.711603164672852,"orthographic":false}