{"cameraMode":{"drawMode":0,"name":"Shaded","section":"Shading Mode"},"sceneLighting":false,"audioPlay":false,"sceneViewState":{"m_AlwaysRefresh":false,"showFog":true,"showSkybox":false,"showFlares":true,"showImageEffects":true,"showParticleSystems":true,"showVisualEffectGraphs":true,"m_FxEnabled":true},"in2DMode":false,"pivot":{"x":2.2774670124053957,"y":0.2862210273742676,"z":-2.2333245277404787},"rotation":{"x":0.012292253784835339,"y":-0.4564237594604492,"z":0.006293719168752432,"w":0.8896855115890503},"size":0.2633534073829651,"orthographic":false}