{"cameraMode":{"drawMode":0,"name":"Shaded","section":"Shading Mode"},"sceneLighting":false,"audioPlay":false,"sceneViewState":{"m_AlwaysRefresh":false,"showFog":true,"showSkybox":false,"showFlares":true,"showImageEffects":true,"showParticleSystems":true,"showVisualEffectGraphs":true,"m_FxEnabled":true},"in2DMode":false,"pivot":{"x":0.31829574704170229,"y":-0.007072289474308491,"z":-0.07230207324028015},"rotation":{"x":0.06139780580997467,"y":-0.7070162892341614,"z":0.061923444271087649,"w":0.7018604874610901},"size":0.16384536027908326,"orthographic":false}