{"cameraMode":{"drawMode":0,"name":"Shaded","section":"Shading Mode"},"sceneLighting":false,"audioPlay":false,"sceneViewState":{"m_AlwaysRefresh":false,"showFog":true,"showSkybox":false,"showFlares":true,"showImageEffects":true,"showParticleSystems":true,"showVisualEffectGraphs":true,"m_FxEnabled":true},"in2DMode":false,"pivot":{"x":-0.2827463150024414,"y":1.6979832649230958,"z":-0.10916471481323242},"rotation":{"x":-0.027762122452259065,"y":-0.3550128638744354,"z":-0.0105154849588871,"w":0.9344382286071777},"size":3.2454254627227785,"orthographic":false}