{"cameraMode":{"drawMode":0,"name":"Shaded","section":"Shading Mode"},"sceneLighting":false,"audioPlay":false,"sceneViewState":{"m_AlwaysRefresh":false,"showFog":true,"showSkybox":false,"showFlares":true,"showImageEffects":true,"showParticleSystems":true,"showVisualEffectGraphs":true,"m_FxEnabled":true},"in2DMode":false,"pivot":{"x":-4.0303635597229,"y":0.8800025582313538,"z":-16.769927978515626},"rotation":{"x":-0.0009527408401481807,"y":0.9975637793540955,"z":0.006092338357120752,"w":-0.07539857923984528},"size":14.15451717376709,"orthographic":false}