{"cameraMode":{"drawMode":0,"name":"Shaded","section":"Shading Mode"},"sceneLighting":false,"audioPlay":false,"sceneViewState":{"m_AlwaysRefresh":false,"showFog":true,"showSkybox":false,"showFlares":true,"showImageEffects":true,"showParticleSystems":true,"showVisualEffectGraphs":true,"m_FxEnabled":true},"in2DMode":false,"pivot":{"x":0.5326917767524719,"y":0.3787495791912079,"z":1.7451691627502442},"rotation":{"x":0.14448919892311097,"y":0.08722499758005142,"z":-0.012535803951323033,"w":0.9858884811401367},"size":1.8261075019836426,"orthographic":false}