{"cameraMode":{"drawMode":0,"name":"Shaded","section":"Shading Mode"},"sceneLighting":false,"audioPlay":false,"sceneViewState":{"m_AlwaysRefresh":false,"showFog":true,"showSkybox":false,"showFlares":true,"showImageEffects":true,"showParticleSystems":true,"showVisualEffectGraphs":true,"m_FxEnabled":true},"in2DMode":false,"pivot":{"x":-1.7895311117172242,"y":4.8411970138549809,"z":-0.05406971275806427},"rotation":{"x":-0.048509564250707629,"y":0.8058675527572632,"z":-0.06662226468324661,"w":-0.5864600539207459},"size":5.404603004455566,"orthographic":false}