{"cameraMode":{"drawMode":0,"name":"Shaded","section":"Shading Mode"},"sceneLighting":false,"audioPlay":false,"sceneViewState":{"m_AlwaysRefresh":false,"showFog":true,"showSkybox":false,"showFlares":true,"showImageEffects":true,"showParticleSystems":true,"showVisualEffectGraphs":true,"m_FxEnabled":true},"in2DMode":false,"pivot":{"x":0.7946249842643738,"y":-1.7258224487304688,"z":-6.938091278076172},"rotation":{"x":-0.08523637801408768,"y":0.9053319692611694,"z":-0.35479775071144106,"w":-0.21752691268920899},"size":7.2416768074035648,"orthographic":false}