{"cameraMode":{"drawMode":0,"name":"Shaded","section":"Shading Mode"},"sceneLighting":false,"audioPlay":false,"sceneViewState":{"m_AlwaysRefresh":false,"showFog":true,"showSkybox":false,"showFlares":true,"showImageEffects":true,"showParticleSystems":true,"showVisualEffectGraphs":true,"m_FxEnabled":true},"in2DMode":false,"pivot":{"x":0.7334970831871033,"y":-1.0018702745437623,"z":0.12325792014598847},"rotation":{"x":-0.005769012495875359,"y":0.9146525859832764,"z":-0.4051533341407776,"w":-0.009403044357895852},"size":7.071667671203613,"orthographic":false}