{"cameraMode":{"drawMode":0,"name":"Shaded","section":"Shading Mode"},"sceneLighting":false,"audioPlay":false,"sceneViewState":{"m_AlwaysRefresh":false,"showFog":true,"showSkybox":false,"showFlares":true,"showImageEffects":true,"showParticleSystems":true,"showVisualEffectGraphs":true,"m_FxEnabled":true},"in2DMode":false,"pivot":{"x":-4.76837158203125e-7,"y":0.00009059906005859375,"z":-5.000001907348633},"rotation":{"x":-0.0017183951567858458,"y":1.0000710487365723,"z":0.022486165165901185,"w":0.014541271142661572},"size":11.233534812927246,"orthographic":false}