{"cameraMode":{"drawMode":0,"name":"Shaded","section":"Shading Mode"},"sceneLighting":false,"audioPlay":false,"sceneViewState":{"m_AlwaysRefresh":false,"showFog":true,"showSkybox":false,"showFlares":true,"showImageEffects":true,"showParticleSystems":true,"showVisualEffectGraphs":true,"m_FxEnabled":true},"in2DMode":false,"pivot":{"x":-15.471503257751465,"y":1.8814491033554078,"z":-4.5617194175720219},"rotation":{"x":0.040277380496263507,"y":-0.6647064089775086,"z":0.03592919930815697,"w":0.745155394077301},"size":14.154520988464356,"orthographic":false}