{"cameraMode":{"drawMode":0,"name":"Shaded","section":"Shading Mode"},"sceneLighting":false,"audioPlay":false,"sceneViewState":{"m_AlwaysRefresh":false,"showFog":true,"showSkybox":false,"showFlares":true,"showImageEffects":true,"showParticleSystems":true,"showVisualEffectGraphs":true,"m_FxEnabled":true},"in2DMode":false,"pivot":{"x":1.9237264394760132,"y":-0.4441852271556854,"z":2.7835745811462404},"rotation":{"x":-0.08836448192596436,"y":0.9033008217811585,"z":-0.35992932319641116,"w":-0.21808011829853059},"size":7.071067810058594,"orthographic":false}